{
  "version": "1.6",
  "release_date": "2025-11-10T03:18:17.901422Z",
  "currencies": {
    "EUR": {
      "source": "European Central Bank",
      "source_code": "ECB",
      "quote_direction": "EUR_TO_USD",
      "supports": [
        "USD\u21c4EUR"
      ],
      "coverage_start": "2010-01-04",
      "coverage_end": "2025-11-07",
      "total_days": 4061,
      "last_fetched": "2025-11-10T03:18:17.904691Z"
    },
    "PLN": {
      "source": "Narodowy Bank Polski (National Bank of Poland)",
      "source_code": "NBP",
      "quote_direction": "USD_TO_PLN",
      "supports": [
        "USD\u21c4PLN"
      ],
      "coverage_start": "2012-01-02",
      "coverage_end": "2025-11-07",
      "total_days": 3496,
      "last_fetched": "2025-11-10T03:18:17.903123Z"
    },
    "AUD": {
      "source": "Reserve Bank of Australia",
      "source_code": "RBA",
      "quote_direction": "AUD_TO_USD",
      "supports": [
        "USD\u21c4AUD"
      ],
      "coverage_start": "2010-01-04",
      "coverage_end": "2025-11-07",
      "total_days": 3979,
      "last_fetched": "2025-11-10T03:18:17.906254Z"
    }
  }
}