{
  "version": "1.5",
  "release_date": "2025-11-03T07:13:28.897936Z",
  "currencies": {
    "EUR": {
      "source": "European Central Bank",
      "source_code": "ECB",
      "quote_direction": "EUR_TO_USD",
      "supports": [
        "USD\u21c4EUR"
      ],
      "coverage_start": "2010-01-04",
      "coverage_end": "2025-10-31",
      "total_days": 4056,
      "last_fetched": "2025-11-03T07:13:28.901313Z"
    },
    "PLN": {
      "source": "Narodowy Bank Polski (National Bank of Poland)",
      "source_code": "NBP",
      "quote_direction": "USD_TO_PLN",
      "supports": [
        "USD\u21c4PLN"
      ],
      "coverage_start": "2012-01-02",
      "coverage_end": "2025-10-31",
      "total_days": 3491,
      "last_fetched": "2025-11-03T07:13:28.899682Z"
    },
    "AUD": {
      "source": "Reserve Bank of Australia",
      "source_code": "RBA",
      "quote_direction": "AUD_TO_USD",
      "supports": [
        "USD\u21c4AUD"
      ],
      "coverage_start": "2010-01-04",
      "coverage_end": "2025-11-03",
      "total_days": 3975,
      "last_fetched": "2025-11-03T07:13:28.902854Z"
    }
  }
}